Lake Name,Lake Acronym,Fish Number,Unique_ID,Mass (g),Sex,Need Redo,Source/Destination,,ToScan,Scanned? ,Returned? ,Neuromast Counts?,,
Wik,WK,001,WK.X24.001,0.74,F,,Source,,Y,Y - Bucket 01,Y,,Total Source:,172
Spirit,SL,001,SL.X24.001,3.17,F,,Source,,Y,Y - Bucket 01,Y,Y,Total Destination:,250
Spirit,SL,002,SL.X24.002,1.54,F,,Source,,Y,Y - Bucket 01,Y,,,
Spirit,SL,003,SL.X24.003,0.88,M,,Source,,Y,Y - Bucket 01,Y,,,
Spirit,SL,004,SL.X24.004,1.09,M,,Source,,Y,Y - Bucket 01,Y,,,
Spirit,SL,005,SL.X24.005,2.22,M,,Source,,Y,Y - Bucket 01,Y,,,
Spirit,SL,006,SL.X24.006,2.28,F,,Source,,Y,Y - Bucket 02,Y,,,
Spirit,SL,007,SL.X24.007,1.09,M,,Source,,Y,Y - Bucket 02,Y,Y,,
Spirit,SL,008,SL.X24.008,2.00,M,,Source,,Y,Y - Bucket 02,Y,Y,,
Spirit,SL,009,SL.X24.009,2.78,F,,Source,,Y,Y - Bucket 02,Y,Y,,
Spirit,SL,010,SL.X24.010,2.44,M,,Source,,Y,Y - Bucket 02,Y,,,
Spirit,SL,011,SL.X24.011,2.40,F,,Source,,Y,Y - Bucket 02,Y,,,
Spirit,SL,012,SL.X24.012,2.15,M,,Source,,Y,Y - Bucket 03,Y,,,
Spirit,SL,013,SL.X24.013,2.47,F,,Source,,Y,Y - Bucket 03,Y,,,
Spirit,SL,014,SL.X24.014,0.84,F,,Source,,Y,Y - Bucket 03,Y,,,
Spirit,SL,015,SL.X24.015,0.93,M,,Source,,Y,Y - Bucket 03,Y,,,
Spirit,SL,016,SL.X24.016,1.00,M,,Source,,Y,Y - Bucket 03,Y,,,
Spirit,SL,017,SL.X24.017,5.00,F,,Source,,Y,Y - Bucket 17,Y,,,
Spirit,SL,018,SL.X24.018,0.86,F,,Source,,Y,Y - Bucket 04,Y,,,
Spirit,SL,019,SL.X24.019,2.43,F,,Source,,Y,Y - Bucket 04,Y,,,
Spirit,SL,020,SL.X24.020,1.04,M,,Source,,Y,Y - Bucket 04,Y,,,
Spirit,SL,021,SL.X24.021,2.89,F,,Source,,,,,,,
Spirit,SL,022,SL.X24.022,2.70,F,,Source,,,,,,,
Spirit,SL,023,SL.X24.023,2.18,F,,Source,,,,,,,
Spirit,SL,024,SL.X24.024,2.65,F,,Source,,,,,,,
Spirit,SL,025,SL.X24.025,2.07,F,,Source,,,,,,,
Spirit,SL,026,SL.X24.026,1.38,F,,Source,,,,,,,
Spirit,SL,027,SL.X24.027,3.23,F,,Source,,,,,,,
Spirit,SL,028,SL.X24.028,1.12,M,,Source,,,,,,,
Spirit,SL,029,SL.X24.029,2.52,M,,Source,,,,,,,
Spirit,SL,030,SL.X24.030,1.51,F,,Source,,,,,,,
Spirit,SL,031,SL.X24.031,1.94,M,,Source,,,,,,,
Spirit,SL,032,SL.X24.032,1.73,F,,Source,,,,,,,
Spirit,SL,033,SL.X24.033,0.64,M,,Source,,,,,,,
Spirit,SL,034,SL.X24.034,3.72,F,,Source,,,,,,,
Spirit,SL,035,SL.X24.035,0.96,M,,Source,,,,,,,
Spirit,SL,036,SL.X24.036,2.00,F,,Source,,,,,,,
Spirit,SL,037,SL.X24.037,3.62,F,,Source,,,,,,,
Spirit,SL,038,SL.X24.038,1.81,F,,Source,,,,,,,
Spirit,SL,039,SL.X24.039,1.84,F,,Source,,,,,,,
Spirit,SL,040,SL.X24.040,1.67,M,,Source,,,,,,,
Spirit,SL,041,SL.X24.041,0.97,M,,Source,,,,,,,
Spirit,SL,042,SL.X24.042,1.41,F,,Source,,,,,,,
Spirit,SL,043,SL.X24.043,2.98,M,,Source,,,,,,,
Spirit,SL,044,SL.X24.044,2.59,F,,Source,,,,,,,
Spirit,SL,045,SL.X24.045,2.87,F,,Source,,,,,,,
Spirit,SL,046,SL.X24.046,2.38,F,,Source,,,,,,,
Crystal,CL,001,CL.X24.001,1.79,F,,Destination,,,,,,,
Crystal,CL,002,CL.X24.002,1.61,F,,Destination,,,,,,,
Crystal,CL,003,CL.X24.003,0.96,M,,Destination,,,,,,,
Crystal,CL,004,CL.X24.004,1.94,F,,Destination,,,,,,,
Crystal,CL,005,CL.X24.005,1.15,F,,Destination,,,,,,,
Crystal,CL,006,CL.X24.006,1.54,M,,Destination,,,,,,,
Crystal,CL,007,CL.X24.007,1.25,F,,Destination,,,,,,,
Crystal,CL,008,CL.X24.008,1.00,M,,Destination,,,,,,,
Crystal,CL,009,CL.X24.009,0.94,M?,X,Destination,,,,,,,
Crystal,CL,010,CL.X24.010,1.29,M,,Destination,,,,,,,
Crystal,CL,011,CL.X24.011,0.89,M,,Destination,,,,,,,
Crystal,CL,012,CL.X24.012,0.77,M,,Destination,,,,,,,
Crystal,CL,013,CL.X24.013,1.06,M,,Destination,,,,,,,
Crystal,CL,014,CL.X24.014,0.90,M,,Destination,,,,,,,
Crystal,CL,015,CL.X24.015,1.08,M,,Destination,,,,,,,
Crystal,CL,016,CL.X24.016,1.16,M,,Destination,,,,,,,
Crystal,CL,017,CL.X24.017,1.16,M,,Destination,,,,,,,
Crystal,CL,018,CL.X24.018,0.95,M,,Destination,,,,,,,
Crystal,CL,019,CL.X24.019,1.79,M,,Destination,,,,,,,
Crystal,CL,020,CL.X24.020,1.38,M,,Destination,,,,,,,
Crystal,CL,021,CL.X24.021,1.39,M,,Destination,,,,,,,
Crystal,CL,022,CL.X24.022,0.88,F,,Destination,,,,,,,
Crystal,CL,023,CL.X24.023,1.40,F,,Destination,,,,,,,
Crystal,CL,024,CL.X24.024,1.65,F,,Destination,,,,,,,
Crystal,CL,025,CL.X24.025,1.13,F,,Destination,,,,,,,
Crystal,CL,026,CL.X24.026,0.72,F,,Destination,,,,,,,
Crystal,CL,027,CL.X24.027,1.40,F,,Destination,,,,,,,
Crystal,CL,028,CL.X24.028,1.00,M,,Destination,,,,,,,
Crystal,CL,029,CL.X24.029,1.34,F,,Destination,,,,,,,
Crystal,CL,030,CL.X24.030,0.92,F,,Destination,,,,,,,
Crystal,CL,031,CL.X24.031,0.93,M,,Destination,,,,,,,
Crystal,CL,032,CL.X24.032,0.94,F,,Destination,,,,,,,
Crystal,CL,033,CL.X24.033,0.88,F,,Destination,,,,,,,
Crystal,CL,034,CL.X24.034,1.83,M,,Destination,,,,,,,
Crystal,CL,035,CL.X24.035,2.26,M,,Destination,,,,,,,
Crystal,CL,036,CL.X24.036,0.70,F,,Destination,,,,,,,
Watson,WT,001,WT.X24.001,0.46,M,,Source,,Y,Y - Bucket 04,,,,
Watson,WT,002,WT.X24.002,0.65,F,,Source,,Y,Y - Bucket 04,,,,
Watson,WT,003,WT.X24.003,1.05,F,,Source,,Y,Y - Bucket 04,,,,
Watson,WT,004,WT.X24.004,1.10,M,,Source,,Y,Y - Bucket 05,,,,
Watson,WT,005,WT.X24.005,0.87,F,,Source,,Y,Y - Bucket 05,,,,
Watson,WT,006,WT.X24.006,0.54,F,,Source,,Y,Y - Bucket 05,,,,
Watson,WT,007,WT.X24.007,0.68,F,,Source,,Y,Y - Bucket 05,,,,
Watson,WT,008,WT.X24.008,0.64,F,,Source,,Y,Y - Bucket 05,,,,
Watson,WT,009,WT.X24.009,0.89,M,,Source,,Y,Y - Bucket 05,,,,
Watson,WT,010,WT.X24.010,0.77,F,,Source,,Y,Y - Bucket 06,,,,
Watson,WT,011,WT.X24.011,0.45,M,,Source,,Y,Y - Bucket 06,,,,
Watson,WT,012,WT.X24.012,0.70,M,,Source,,Y,Y - Bucket 06,,,,
Watson,WT,013,WT.X24.013,0.83,F,,Source,,Y,Y - Bucket 06,,,,
Watson,WT,014,WT.X24.014,5.14,F,,Source,,Y,Y - Bucket 17,,,,
Watson,WT,015,WT.X24.015,1.11,F,,Source,,Y,Y - Bucket 06,,,,
Watson,WT,016,WT.X24.016,0.66,F,,Source,,,,,,,
Watson,WT,017,WT.X24.017,0.73,M,,Source,,Y,Y - Bucket 07,,,,
Watson,WT,018,WT.X24.018,0.77,F,,Source,,,,,,,
Watson,WT,019,WT.X24.019,1.19,M,,Source,,Y,Y - Bucket 07,,,,
Watson,WT,020,WT.X24.020,1.20,M?,X,Source,,,,,,,
Watson,WT,021,WT.X24.021,0.41,F,,Source,,,,,,,
Watson,WT,022,WT.X24.022,1.45,M,,Source,,Y,Y - Bucket 07,,,,
Watson,WT,023,WT.X24.023,0.65,F,,Source,,,,,,,
Watson,WT,024,WT.X24.024,0.62,F,,Source,,,,,,,
Watson,WT,025,WT.X24.025,0.78,M,,Source,,Y,Y - Bucket 07,,,,
Watson,WT,026,WT.X24.026,0.55,F,,Source,,,,,,,
Watson,WT,027,WT.X24.027,0.98,F,,Source,,,,,,,
Watson,WT,028,WT.X24.028,0.67,M,,Source,,Y,Y - Bucket 07,,,,
Watson,WT,029,WT.X24.029,0.58,F,,Source,,,,,,,
Watson,WT,030,WT.X24.030,0.49,F,,Source,,,,,,,
Watson,WT,031,WT.X24.031,1.20,F,,Source,,,,,,,
Loon,LO,001,LO.X24.001,0.77,F,,Destination,,,,,,,
Loon,LO,002,LO.X24.002,1.89,F,,Destination,,,,,,,
Loon,LO,003,LO.X24.003,0.95,M,,Destination,,,,,,,
Loon,LO,004,LO.X24.004,1.01,M,,Destination,,,,,,,
Loon,LO,005,LO.X24.005,0.74,M,,Destination,,,,,,,
Loon,LO,006,LO.X24.006,1.08,M,,Destination,,,,,,,
Loon,LO,007,LO.X24.007,1.37,F,,Destination,,,,,,,
Loon,LO,008,LO.X24.008,0.88,M,,Destination,,,,,,,
Loon,LO,009,LO.X24.009,0.92,M,,Destination,,,,,,,
Loon,LO,010,LO.X24.010,0.64,F,,Destination,,,,,,,
Loon,LO,011,LO.X24.011,1.41,F,,Destination,,,,,,,
Loon,LO,012,LO.X24.012,0.66,-,X,Destination,,,,,,,
Loon,LO,013,LO.X24.013,0.98,-,X,Destination,,,,,,,
Loon,LO,014,LO.X24.014,0.93,-,X,Destination,,,,,,,
Loon,LO,015,LO.X24.015,1.86,-,X,Destination,,,,,,,
Loon,LO,016,LO.X24.016,1.06,F,,Destination,,,,,,,
Loon,LO,017,LO.X24.017,0.59,F,,Destination,,,,,,,
Loon,LO,018,LO.X24.018,1.58,F,,Destination,,,,,,,
Loon,LO,019,LO.X24.019,0.92,M,,Destination,,,,,,,
Loon,LO,020,LO.X24.020,1.68,M,,Destination,,,,,,,
Loon,LO,021,LO.X24.021,1.80,F,,Destination,,,,,,,
Loon,LO,022,LO.X24.022,0.71,M,,Destination,,,,,,,
Loon,LO,023,LO.X24.023,2.23,F,,Destination,,,,,,,
Loon,LO,024,LO.X24.024,0.63,M,,Destination,,,,,,,
Loon,LO,025,LO.X24.025,1.08,F,,Destination,,,,,,,
Loon,LO,026,LO.X24.026,0.52,F,,Destination,,,,,,,
Loon,LO,027,LO.X24.027,1.37,F,,Destination,,,,,,,
Loon,LO,028,LO.X24.028,0.61,F,,Destination,,,,,,,
Loon,LO,029,LO.X24.029,0.76,M,,Destination,,,,,,,
Loon,LO,030,LO.X24.030,1.42,F,,Destination,,,,,,,
Loon,LO,031,LO.X24.031,0.85,M,,Destination,,,,,,,
Ranchero,RL,001,RL.X24.001,0.77,F,,Destination,,,,,,,
Ranchero,RL,002,RL.X24.002,2.33,F,,Destination,,,,,,,
Ranchero,RL,003,RL.X24.003,1.31,F,,Destination,,,,,,,
Ranchero,RL,004,RL.X24.004,1.75,F,,Destination,,,,,,,
Ranchero,RL,005,RL.X24.005,1.63,F,,Destination,,,,,,,
Ranchero,RL,006,RL.X24.006,1.13,M,,Destination,,,,,,,
Ranchero,RL,007,RL.X24.007,0.72,F,,Destination,,,,,,,
Ranchero,RL,008,RL.X24.008,0.62,F,,Destination,,,,,,,
Ranchero,RL,009,RL.X24.009,1.00,F,,Destination,,,,,,,
Ranchero,RL,010,RL.X24.010,0.61,M,,Destination,,,,,,,
Ranchero,RL,011,RL.X24.011,0.80,F,,Destination,,,,,,,
Ranchero,RL,012,RL.X24.012,0.96,F,,Destination,,,,,,,
Ranchero,RL,013,RL.X24.013,0.67,M,,Destination,,,,,,,
Ranchero,RL,014,RL.X24.014,0.90,F,,Destination,,,,,,,
Ranchero,RL,015,RL.X24.015,2.02,F,,Destination,,,,,,,
Ranchero,RL,016,RL.X24.016,0.54,F,,Destination,,,,,,,
Ranchero,RL,017,RL.X24.017,0.79,F,,Destination,,,,,,,
Ranchero,RL,018,RL.X24.018,0.75,M,,Destination,,,,,,,
Ranchero,RL,019,RL.X24.019,0.98,F,,Destination,,,,,,,
Ranchero,RL,020,RL.X24.020,1.47,F,,Destination,,,,,,,
Ranchero,RL,021,RL.X24.021,0.86,F,,Destination,,,,,,,
Ranchero,RL,022,RL.X24.022,1.22,F,,Destination,,,,,,,
Ranchero,RL,023,RL.X24.023,0.76,F,,Destination,,,,,,,
Ranchero,RL,024,RL.X24.024,0.65,F,,Destination,,,,,,,
Ranchero,RL,025,RL.X24.025,1.38,F,,Destination,,,,,,,
Ranchero,RL,026,RL.X24.026,1.31,F,,Destination,,,,,,,
Ranchero,RL,027,RL.X24.027,0.71,M,,Destination,,,,,,,
Hope,HL,001,HL.X24.001,0.77,F,,Destination,,,,,,,
Hope,HL,002,HL.X24.002,2.57,F,,Destination,,,,,,,
Hope,HL,003,HL.X24.003,1.43,M,,Destination,,,,,,,
Hope,HL,004,HL.X24.004,0.65,M,,Destination,,,,,,,
Hope,HL,005,HL.X24.005,0.73,M,,Destination,,,,,,,
Hope,HL,006,HL.X24.006,1.50,M,,Destination,,,,,,,
Hope,HL,007,HL.X24.007,0.61,F,,Destination,,,,,,,
Hope,HL,008,HL.X24.008,2.31,F,,Destination,,,,,,,
Hope,HL,009,HL.X24.009,0.59,F,,Destination,,,,,,,
Hope,HL,010,HL.X24.010,0.65,F,,Destination,,,,,,,
Hope,HL,011,HL.X24.011,0.75,F,,Destination,,,,,,,
Hope,HL,012,HL.X24.012,0.98,F,,Destination,,,,,,,
Hope,HL,013,HL.X24.013,0.74,F,,Destination,,,,,,,
Hope,HL,014,HL.X24.014,0.54,M,,Destination,,,,,,,
Hope,HL,015,HL.X24.015,1.69,F,,Destination,,,,,,,
Hope,HL,016,HL.X24.016,0.89,F,,Destination,,,,,,,
Hope,HL,017,HL.X24.017,0.83,F,,Destination,,,,,,,
Hope,HL,018,HL.X24.018,0.77,M,,Destination,,,,,,,
Hope,HL,019,HL.X24.019,0.60,M,,Destination,,,,,,,
Hope,HL,020,HL.X24.020,0.51,M,,Destination,,,,,,,
Hope,HL,021,HL.X24.021,1.05,F,,Destination,,,,,,,
Hope,HL,022,HL.X24.022,0.73,F,,Destination,,,,,,,
Hope,HL,023,HL.X24.023,2.75,F,,Destination,,,,,,,
Hope,HL,024,HL.X24.024,0.75,F,,Destination,,,,,,,
Hope,HL,025,HL.X24.025,0.95,F,,Destination,,,,,,,
Hope,HL,026,HL.X24.026,0.57,F,,Destination,,,,,,,
Hope,HL,027,HL.X24.027,0.72,F,,Destination,,,,,,,
Hope,HL,028,HL.X24.028,0.71,F,,Destination,,,,,,,
Hope,HL,029,HL.X24.029,1.17,F,,Destination,,,,,,,
Hope,HL,030,HL.X24.030,0.63,F,,Destination,,,,,,,
Hope,HL,031,HL.X24.031,0.87,M,,Destination,,,,,,,
Leisure Lake,LL,001,LL.X24.001,0.81,M,,Destination,,,,,,,
Leisure Lake,LL,002,LL.X24.002,2.41,M,,Destination,,,,,,,
Leisure Lake,LL,003,LL.X24.003,0.41,M,,Destination,,,,,,,
Leisure Lake,LL,004,LL.X24.004,2.90,F,,Destination,,,,,,,
Leisure Lake,LL,005,LL.X24.005,2.11,F,,Destination,,,,,,,
Leisure Lake,LL,006,LL.X24.006,0.38,M?,X,Destination,,,,,,,
Leisure Lake,LL,007,LL.X24.007,0.38,M,,Destination,,,,,,,
Leisure Lake,LL,008,LL.X24.008,1.00,M,,Destination,,,,,,,
Leisure Lake,LL,009,LL.X24.009,1.16,M,,Destination,,,,,,,
Leisure Lake,LL,010,LL.X24.010,1.90,F,,Destination,,,,,,,
Leisure Lake,LL,011,LL.X24.011,2.35,M,,Destination,,,,,,,
Leisure Lake,LL,012,LL.X24.012,2.39,M,,Destination,,,,,,,
Leisure Lake,LL,013,LL.X24.013,0.71,M,,Destination,,,,,,,
Leisure Lake,LL,014,LL.X24.014,0.47,M,,Destination,,,,,,,
Leisure Lake,LL,015,LL.X24.015,0.47,F,,Destination,,,,,,,
Leisure Lake,LL,016,LL.X24.016,1.06,M,,Destination,,,,,,,
Leisure Lake,LL,017,LL.X24.017,3.82,F,,Destination,,,,,,,
Leisure Lake,LL,018,LL.X24.018,0.63,M,,Destination,,,,,,,
Leisure Lake,LL,019,LL.X24.019,0.65,M,,Destination,,,,,,,
Leisure Lake,LL,020,LL.X24.020,1.83,F,,Destination,,,,,,,
Leisure Lake,LL,021,LL.X24.021,0.62,M,,Destination,,,,,,,
Leisure Lake,LL,022,LL.X24.022,1.34,M,,Destination,,,,,,,
Leisure Lake,LL,023,LL.X24.023,0.48,F,,Destination,,,,,,,
Leisure Lake,LL,024,LL.X24.024,0.94,M,,Destination,,,,,,,
Leisure Lake,LL,025,LL.X24.025,2.81,F,,Destination,,,,,,,
Leisure Lake,LL,026,LL.X24.026,0.67,F?,X,Destination,,,,,,,
Leisure Lake,LL,027,LL.X24.027,1.14,M,,Destination,,,,,,,
Leisure Lake,LL,028,LL.X24.028,0.71,M,,Destination,,,,,,,
Leisure Lake,LL,029,LL.X24.029,0.89,M,,Destination,,,,,,,
Leisure Lake,LL,030,LL.X24.030,2.35,F,,Destination,,,,,,,
Leisure Lake,LL,031,LL.X24.031,1.08,M,,Destination,,,,,,,
Leisure Lake,LL,032,LL.X24.032,0.40,M,,Destination,,,,,,,
G Lake,GL,001,GL.X24.001,1.22,F,,Destination,,,,,,,
G Lake,GL,002,GL.X24.002,2.59,F,,Destination,,,,,,,
G Lake,GL,003,GL.X24.003,1.67,F,,Destination,,,,,,,
G Lake,GL,004,GL.X24.004,1.39,M?,X,Destination,,,,,,,
G Lake,GL,005,GL.X24.005,1.42,F,,Destination,,,,,,,
G Lake,GL,006,GL.X24.006,2.38,M,,Destination,,,,,,,
G Lake,GL,007,GL.X24.007,1.10,M?,X,Destination,,,,,,,
G Lake,GL,008,GL.X24.008,0.69,F,,Destination,,,,,,,
G Lake,GL,009,GL.X24.009,0.70,F,,Destination,,,,,,,
G Lake,GL,010,GL.X24.010,2.41,F,,Destination,,,,,,,
G Lake,GL,011,GL.X24.011,2.25,F,,Destination,,,,,,,
G Lake,GL,012,GL.X24.012,1.51,F,,Destination,,,,,,,
G Lake,GL,013,GL.X24.013,2.24,F,,Destination,,,,,,,
G Lake,GL,014,GL.X24.014,1.52,F,,Destination,,,,,,,
G Lake,GL,015,GL.X24.015,1.38,M,,Destination,,,,,,,
G Lake,GL,016,GL.X24.016,0.78,F,,Destination,,,,,,,
G Lake,GL,017,GL.X24.017,1.47,F,,Destination,,,,,,,
G Lake,GL,018,GL.X24.018,1.97,F,,Destination,,,,,,,
G Lake,GL,019,GL.X24.019,0.58,F,,Destination,,,,,,,
G Lake,GL,020,GL.X24.020,0.57,M,,Destination,,,,,,,
G Lake,GL,021,GL.X24.021,3.28,F,,Destination,,,,,,,
G Lake,GL,022,GL.X24.022,1.59,F,,Destination,,,,,,,
G Lake,GL,023,GL.X24.023,1.90,F,,Destination,,,,,,,
G Lake,GL,024,GL.X24.024,0.65,M,,Destination,,,,,,,
G Lake,GL,025,GL.X24.025,0.59,M,,Destination,,,,,,,
G Lake,GL,026,GL.X24.026,2.01,M?,X,Destination,,,,,,,
G Lake,GL,027,GL.X24.027,1.75,F,,Destination,,,,,,,
G Lake,GL,028,GL.X24.028,1.62,F,,Destination,,,,,,,
G Lake,GL,029,GL.X24.029,2.18,F,,Destination,,,,,,,
G Lake,GL,030,GL.X24.030,1.88,M,,Destination,,,,,,,
G Lake,GL,031,GL.X24.031,2.21,M,,Destination,,,,,,,
G Lake,GL,032,GL.X24.032,0.48,M?,X,Destination,,,,,,,
CC Lake,CC,001,CC.X24.001,0.58,M,,Destination,,,,,,,
CC Lake,CC,002,CC.X24.002,2.86,F,,Destination,,,,,,,
CC Lake,CC,003,CC.X24.003,0.47,M,,Destination,,,,,,,
CC Lake,CC,004,CC.X24.004,1.35,F,,Destination,,,,,,,
CC Lake,CC,005,CC.X24.005,1.82,F,,Destination,,,,,,,
CC Lake,CC,006,CC.X24.006,2.41,M,,Destination,,,,,,,
CC Lake,CC,007,CC.X24.007,1.42,F,,Destination,,,,,,,
CC Lake,CC,008,CC.X24.008,1.11,F,,Destination,,,,,,,
CC Lake,CC,009,CC.X24.009,1.03,F,,Destination,,,,,,,
CC Lake,CC,010,CC.X24.010,0.69,M,,Destination,,,,,,,
CC Lake,CC,011,CC.X24.011,0.79,M,,Destination,,,,,,,
CC Lake,CC,012,CC.X24.012,0.55,M,,Destination,,,,,,,
CC Lake,CC,013,CC.X24.013,0.41,F,,Destination,,,,,,,
CC Lake,CC,014,CC.X24.014,0.46,M,,Destination,,,,,,,
CC Lake,CC,015,CC.X24.015,0.58,M,,Destination,,,,,,,
CC Lake,CC,016,CC.X24.016,0.48,M,,Destination,,,,,,,
CC Lake,CC,017,CC.X24.017,0.48,M,,Destination,,,,,,,
CC Lake,CC,018,CC.X24.018,1.88,F,,Destination,,,,,,,
CC Lake,CC,019,CC.X24.019,1.58,F,,Destination,,,,,,,
CC Lake,CC,020,CC.X24.020,1.50,M,,Destination,,,,,,,
CC Lake,CC,021,CC.X24.021,0.72,M,,Destination,,,,,,,
CC Lake,CC,022,CC.X24.022,1.29,F,,Destination,,,,,,,
CC Lake,CC,023,CC.X24.023,2.26,M,,Destination,,,,,,,
CC Lake,CC,024,CC.X24.024,0.45,M,,Destination,,,,,,,
CC Lake,CC,025,CC.X24.025,1.37,M,,Destination,,,,,,,
CC Lake,CC,026,CC.X24.026,2.13,M?,X,Destination,,,,,,,
CC Lake,CC,027,CC.X24.027,0.60,M,,Destination,,,,,,,
CC Lake,CC,028,CC.X24.028,0.98,M?,X,Destination,,,,,,,
CC Lake,CC,029,CC.X24.029,1.04,F,,Destination,,,,,,,
CC Lake,CC,030,CC.X24.030,1.46,F,,Destination,,,,,,,
Finge Lake,FG,001,FG.X24.001,1.26,F,,Source,Y,Y,Y,,,,
Finge Lake,FG,002,FG.X24.002,1.62,F,,Source,Y,Y,Y - Bucket 08,,,,
Finge Lake,FG,003,FG.X24.003,0.72,F,,Source,Y,Y,Y - Bucket 08,,,,
Finge Lake,FG,004,FG.X24.004,0.75,F,,Source,Y,Y,Y - Bucket 08,,,,
Finge Lake,FG,005,FG.X24.005,1.75,F,,Source,Y,Y,Y - Bucket 08,,,,
Finge Lake,FG,006,FG.X24.006,1.05,F,,Source,Y,Y,Y - Bucket 08,,,,
Finge Lake,FG,007,FG.X24.007,2.20,F,,Source,Y,M,,,,,
Finge Lake,FG,008,FG.X24.008,0.99,M,,Source,Y,Y,Y - Bucket 09,,,,
Finge Lake,FG,009,FG.X24.009,2.34,F,,Source,Y,Y,Y - Bucket 09,,,,
Finge Lake,FG,010,FG.X24.010,1.88,F,,Source,Y,Y,Y - Bucket 09,,,,
Finge Lake,FG,011,FG.X24.011,1.16,F,,Source,Y,Y,Y - Bucket 09,,,,
Finge Lake,FG,012,FG.X24.012,0.74,F,,Source,,,,,,,
Finge Lake,FG,013,FG.X24.013,1.49,F,,Source,,Y,Y - Bucket 08,,,,
Finge Lake,FG,014,FG.X24.014,1.83,M,,Source,Y,Y,Y - Bucket 09,,,,
Finge Lake,FG,015,FG.X24.015,0.57,M,,Source,Y,Y,Y - Bucket 09,,,,
Finge Lake,FG,016,FG.X24.016,0.97,F,,Source,,,,,,,
Finge Lake,FG,017,FG.X24.017,0.77,M,,Source,Y,Y,Y - Bucket 10,,,,
Finge Lake,FG,018,FG.X24.018,1.05,F,,Source,,,,,,,
Finge Lake,FG,019,FG.X24.019,1.83,F,,Source,,,,,,,
Finge Lake,FG,020,FG.X24.020,0.88,F,,Source,,,,,,,
Finge Lake,FG,021,FG.X24.021,1.00,F,,Source,,,,,,,
Finge Lake,FG,022,FG.X24.022,1.15,M,,Source,Y,Y,Y - Bucket 10,,,,
Finge Lake,FG,023,FG.X24.023,0.44,F,,Source,,,,,,,
Finge Lake,FG,024,FG.X24.024,0.81,F,,Source,,,,,,,
Finge Lake,FG,025,FG.X24.025,1.72,F,,Source,,,,,,,
Finge Lake,FG,026,FG.X24.026,1.10,F,,Source,,,,,,,
Finge Lake,FG,027,FG.X24.027,0.65,M,,Source,Y,Y,Y - Bucket 10,,,,
Finge Lake,FG,028,FG.X24.028,1.00,F,,Source,,,,,,,
Finge Lake,FG,029,FG.X24.029,0.65,F,,Source,,,,,,,
Finge Lake,FG,030,FG.X24.030,0.60,F,,Source,,,,,,,
Finge Lake,FG,031,FG.X24.031,0.45,M,,Source,Y,Y,Y - Bucket 10,,,,
Walby Lake,WB,001,WB.X24.001,1.50,F,,Source,Y,Y,,,,,
Walby Lake,WB,002,WB.X24.002,1.63,F,,Source,Y,Y,,,,,
Walby Lake,WB,003,WB.X24.003,1.31,M,,Source,Y,Y,Y - Bucket 11,,,,
Walby Lake,WB,004,WB.X24.004,1.60,F,,Source,Y,Y,Y - Bucket 11,,,,
Walby Lake,WB,005,WB.X24.005,0.43,M,,Source,Y,Y,Y - Bucket 11,,,,
Walby Lake,WB,006,WB.X24.006,1.68,F,,Source,Y,Y,Y - Bucket 11,,,,
Walby Lake,WB,007,WB.X24.007,0.45,M,,Source,Y,Y,Y - Bucket 11,,,,
Walby Lake,WB,008,WB.X24.008,0.53,-,X,Source,,,,,,,
Walby Lake,WB,009,WB.X24.009,0.85,-,X,Source,,,,,,,
Walby Lake,WB,010,WB.X24.010,1.41,F,,Source,Y,Y,Y - Bucket 11,,,,
Walby Lake,WB,011,WB.X24.011,0.68,M,,Source,Y,Y,Y - Bucket 12,,,,
Walby Lake,WB,012,WB.X24.012,1.82,F,,Source,Y,Y,Y - Bucket 12,,,,
Walby Lake,WB,013,WB.X24.013,1.76,F,,Source,Y,Y,Y - Bucket 12,,,,
Walby Lake,WB,014,WB.X24.014,0.40,M,,Source,Y,Y,Y - Bucket 12,,,,
Walby Lake,WB,015,WB.X24.015,0.60,F,,Source,Y,Y,Y - Bucket 12,,,,
Walby Lake,WB,016,WB.X24.016,0.63,M,,Source,Y,Y,Y - Bucket 12,,,,
Walby Lake,WB,017,WB.X24.017,0.92,M,,Source,Y,Y,Y - Bucket 13,,,,
Walby Lake,WB,018,WB.X24.018,1.51,F,,Source,Y,Y,Y - Bucket 13,,,,
Walby Lake,WB,019,WB.X24.019,0.81,M,,Source,Y,Y,Y - Bucket 13,,,,
Walby Lake,WB,020,WB.X24.020,0.48,F,,Source,Y,Y,Y - Bucket 13,,,,
Walby Lake,WB,021,WB.X24.021,2.21,F,,Source,,,,,,,
Walby Lake,WB,022,WB.X24.022,0.44,M,,Source,Y,Y,Y - Bucket 13,,,,
Walby Lake,WB,023,WB.X24.023,0.51,M,,Source,Y,Y,Y - Bucket 13,,,,
Walby Lake,WB,024,WB.X24.024,1.34,F,,Source,,,,,,,
Walby Lake,WB,025,WB.X24.025,0.96,M,,Source,,,,,,,
Walby Lake,WB,026,WB.X24.026,0.81,M,,Source,,,,,,,
Walby Lake,WB,027,WB.X24.027,1.58,F,,Source,,,,,,,
Walby Lake,WB,028,WB.X24.028,0.56,M,,Source,,,,,,,
Walby Lake,WB,029,WB.X24.029,0.41,M,,Source,,,,,,,
Walby Lake,WB,030,WB.X24.030,0.40,M,,Source,,,,,,,
Walby Lake,WB,031,WB.X24.031,0.57,M,,Source,,,,,,,
Tern Lake,TL,001,TL.X24.001,2.12,F,,Source,Y,,Y - Bucket 14,,,,
Tern Lake,TL,002,TL.X24.002,2.43,F,,Source,Y,,Y - Bucket 14,,,,
Tern Lake,TL,003,TL.X24.003,1.41,F,,Source,Y,,Y - Bucket 14,,,,
Tern Lake,TL,004,TL.X24.004,1.67,F,,Source,Y,,Y - Bucket 14,,,,
Tern Lake,TL,005,TL.X24.005,1.11,F,,Source,Y,,Y - Bucket 14,,,,
Tern Lake,TL,006,TL.X24.006,1.98,F,,Source,Y,,Y - Bucket 14,,,,
Tern Lake,TL,007,TL.X24.007,2.69,F,,Source,Y,,Y - Bucket 15,,,,
Tern Lake,TL,008,TL.X24.008,1.16,M,,Source,Y,,Y - Bucket 15,,,,
Tern Lake,TL,009,TL.X24.009,1.61,F,,Source,Y,,Y - Bucket 15,,,,
Tern Lake,TL,010,TL.X24.010,1.89,F,,Source,Y,,Y - Bucket 15,,,,
Tern Lake,TL,011,TL.X24.011,0.87,F,,Source,Y,,Y - Bucket 15,,,,
Tern Lake,TL,012,TL.X24.012,1.24,M,,Source,Y,,Y - Bucket 15,,,,
Tern Lake,TL,013,TL.X24.013,2.21,F,,Source,,,,,,,
Tern Lake,TL,014,TL.X24.014,1.46,M,,Source,Y,,Y - Bucket 16,,,,
Tern Lake,TL,015,TL.X24.015,2.77,F,,Source,,,,,,,
Tern Lake,TL,016,TL.X24.016,2.82,F,,Source,,,,,,,
Tern Lake,TL,017,TL.X24.017,0.85,F,,Source,,,,,,,
Tern Lake,TL,018,TL.X24.018,1.68,F,,Source,,,,,,,
Tern Lake,TL,019,TL.X24.019,1.87,F,,Source,,,,,,,
Tern Lake,TL,020,TL.X24.020,2.37,F,,Source,,,,,,,
Tern Lake,TL,021,TL.X24.021,0.94,F,,Source,,,,,,,
Tern Lake,TL,022,TL.X24.022,1.65,F,,Source,,,,,,,
Tern Lake,TL,023,TL.X24.023,1.15,F,,Source,,,,,,,
Tern Lake,TL,024,TL.X24.024,2.76,F,,Source,,,,,,,
Tern Lake,TL,025,TL.X24.025,0.92,M,,Source,Y,,Y - Bucket 16,,,,
Tern Lake,TL,026,TL.X24.026,0.84,F,,Source,,,,,,,
Tern Lake,TL,027,TL.X24.027,1.56,F,,Source,,,,,,,
Tern Lake,TL,028,TL.X24.028,2.00,F,,Source,,,,,,,
Tern Lake,TL,029,TL.X24.029,2.03,F,,Source,,,,,,,
Tern Lake,TL,030,TL.X24.030,1.84,F,,Source,,,,,,,
Tern Lake,TL,031,TL.X24.031,1.26,F,,Source,,,,,,,
Fred Lake,FL,001,FL.X24.001,2.14,F,,Destination,,,,,,,
Fred Lake,FL,002,FL.X24.002,1.48,F,,Destination,,,,,,,
Fred Lake,FL,003,FL.X24.003,2.17,F,,Destination,,,,,,,
Fred Lake,FL,004,FL.X24.004,0.44,F,,Destination,,,,,,,
Fred Lake,FL,005,FL.X24.005,0.71,F,,Destination,,,,,,,
Fred Lake,FL,006,FL.X24.006,2.39,M,,Destination,,,,,,,
Fred Lake,FL,007,FL.X24.007,2.58,F,,Destination,,,,,,,
Fred Lake,FL,008,FL.X24.008,2.58,F,,Destination,,,,,,,
Fred Lake,FL,009,FL.X24.009,1.78,F,,Destination,,,,,,,
Fred Lake,FL,010,FL.X24.010,2.11,F,,Destination,,,,,,,
Fred Lake,FL,011,FL.X24.011,2.17,F,,Destination,,,,,,,
Fred Lake,FL,012,FL.X24.012,1.97,M,,Destination,,,,,,,
Fred Lake,FL,013,FL.X24.013,1.53,F,,Destination,,,,,,,
Fred Lake,FL,014,FL.X24.014,0.55,F,,Destination,,,,,,,
Fred Lake,FL,015,FL.X24.015,0.66,F,,Destination,,,,,,,
Fred Lake,FL,016,FL.X24.016,2.78,F,,Destination,,,,,,,
Fred Lake,FL,017,FL.X24.017,2.76,F,,Destination,,,,,,,
Fred Lake,FL,018,FL.X24.018,2.22,M,,Destination,,,,,,,
Fred Lake,FL,019,FL.X24.019,0.57,F,,Destination,,,,,,,
Fred Lake,FL,020,FL.X24.020,0.97,M,,Destination,,,,,,,
Fred Lake,FL,021,FL.X24.021,0.73,F,,Destination,,,,,,,
Fred Lake,FL,022,FL.X24.022,3.90,M,,Destination,,,,,,,
Fred Lake,FL,023,FL.X24.023,2.61,F,,Destination,,,,,,,
Fred Lake,FL,024,FL.X24.024,2.67,F,,Destination,,,,,,,
Fred Lake,FL,025,FL.X24.025,1.83,F,,Destination,,,,,,,
Fred Lake,FL,026,FL.X24.026,2.02,F,,Destination,,,,,,,
Fred Lake,FL,027,FL.X24.027,1.44,F,,Destination,,,,,,,
Fred Lake,FL,028,FL.X24.028,1.02,F,,Destination,,,,,,,
Fred Lake,FL,029,FL.X24.029,1.77,F,,Destination,,,,,,,
Fred Lake,FL,030,FL.X24.030,1.00,F,,Destination,,,,,,,
Fred Lake,FL,031,FL.X24.031,2.33,F,,Destination,,,,,,,
South Rolly,SR,001,SR.X24.001,,F,,Source,Y,,,,,,
